<?xml version="1.0" encoding="utf-8" ?>
<dwsync>
<file name="core.css" server="ftp.ict-security-boek.nl/public_html/" local="128607792650625000" remote="128637194400000000" />
<file name="event.js" server="ftp.ict-security-boek.nl/public_html/" local="128607792653437500" remote="128637194400000000" />
<file name="flowHFR.css" server="ftp.ict-security-boek.nl/public_html/" local="128607792650781250" remote="128637194400000000" />
<file name="hdr_loginpage_560x228.jpg" server="ftp.ict-security-boek.nl/public_html/" local="128607792653593750" remote="128637194400000000" />
<file name="hostedpayments.js" server="ftp.ict-security-boek.nl/public_html/" local="128607792653281250" remote="128637194400000000" />
<file name="iconix.js" server="ftp.ict-security-boek.nl/public_html/" local="128607792650937500" remote="128637194400000000" />
<file name="lang.css" server="ftp.ict-security-boek.nl/public_html/" local="128607792652187500" remote="128637194400000000" />
<file name="logo_VIPwhite_66x27.gif" server="ftp.ict-security-boek.nl/public_html/" local="128607792652968750" remote="128637194400000000" />
<file name="pageBlockingUnsafeBrowsers.js" server="ftp.ict-security-boek.nl/public_html/" local="128607792652812500" remote="128637194400000000" />
<file name="pageLogin.css" server="ftp.ict-security-boek.nl/public_html/" local="128607792650312500" remote="128637194400000000" />
<file name="paypal.css" server="ftp.ict-security-boek.nl/public_html/" local="128607792651718750" remote="128637195000000000" />
<file name="paypal.js" server="ftp.ict-security-boek.nl/public_html/" local="128607792652656250" remote="128637195000000000" />
<file name="paypal_logo.gif" server="ftp.ict-security-boek.nl/public_html/" local="128607792650468750" remote="128637195000000000" />
<file name="pixel.gif" server="ftp.ict-security-boek.nl/public_html/" local="128607792653281250" remote="128637195000000000" />
<file name="pp_jscode_080706.js" server="ftp.ict-security-boek.nl/public_html/" local="128607792652343750" remote="128637195000000000" />
<file name="pp_main.js" server="ftp.ict-security-boek.nl/public_html/" local="128607792652968750" remote="128637195000000000" />
<file name="rosettaLang.js" server="ftp.ict-security-boek.nl/public_html/" local="128607792650468750" remote="128637195000000000" />
<file name="s01914901625529.gif" server="ftp.ict-security-boek.nl/public_html/" local="128607792650468750" remote="128637195000000000" />
<file name="s02222542144630.gif" server="ftp.ict-security-boek.nl/public_html/" local="128607792653750000" remote="128637195000000000" />
<file name="secure_lock_2.gif" server="ftp.ict-security-boek.nl/public_html/" local="128607792650625000" remote="128637195000000000" />
<file name="yahoo-dom-event.js" server="ftp.ict-security-boek.nl/public_html/" local="128607792652500000" remote="128637195000000000" />
<file name="yahoo.js" server="ftp.ict-security-boek.nl/public_html/" local="128607792652343750" remote="128637195000000000" />
</dwsync>